{"cameraMode":{"drawMode":0,"name":"Shaded","section":"Shading Mode"},"sceneLighting":false,"audioPlay":false,"sceneViewState":{"m_AlwaysRefresh":false,"showFog":true,"showSkybox":false,"showFlares":true,"showImageEffects":true,"showParticleSystems":true,"showVisualEffectGraphs":true,"m_FxEnabled":true},"in2DMode":false,"pivot":{"x":0.006925821304321289,"y":1.4746414422988892,"z":0.1473812460899353},"rotation":{"x":-0.7091166377067566,"y":-0.0016108924755826593,"z":0.0013543296372517944,"w":-0.7048686742782593},"size":1.7100802659988404,"orthographic":false}